Company Name,Instagram URL,Email Address,Phone Number,Full Name
General Home Remodeling Services,,josaints999@outlook.com,,
IAS Boutique Remodeling,,,,
Artek Remodel LLC,,artekremodel@gmail.com,(832) 256-7963,
VCS Construction & Remodeling,,,,
Olivo Remodeling LLC,,olivoremodeling@gmail.com,832-718-4853,
MTZ Remodeling and Construction,,mtzremodelingtx@gmail.com,,
Buzz Home Remodeling,,buzzhomeremodeling@gmail.com,,
"CAVV Remodeling, LLC",,cavvremodeling@yahoo.com,832-477-0380,
Houston Custom Carpets,,,,
C & G Remodeling,,ivangzmn@icloud.com,,
J. Guzman General Remodeling Services,,jacoboguzman49@gmail.com,,
JAVA Remodeling,,josue.vasquez.8790@gmail.com,,
Duenez Design & Build,,,,
Texas Pro Remodeling,,txpro.remodels@gmail.com,,
NEFF Remodeling Contractor,,ns172444@gmail.com,,
Houston Construction And Remodeling,,,,
Cav Remodeling,,,,
Houston Custom Remodeling,,colebuza@icloud.com,,
Handyman Houston Remodeling,,hectournica@gmail.com,(346) 755-8725,
Tri-Way Enterprises Remodeling,,,,
Sonny Houston Remodeling,,sonny.houston.remodeling@gmail.com,,
Sonny Houston Remodeling,,sonny.houston.remodeling@gmail.com,,
CHALO'S REMODELING,,chaloginez@gmail.com,,
General Contractor,,rivera.painter@yahoo.com,,Dennis Rivera
Houston's Remodeling & Custom Carpentry,,houston.brad@aol.com,,
Aviles Remodeling,,chrisaviles310@gmail.com,,
Matthew's Construction & Remodeling,,,,
Larraga's Remodeling,,larragaalberto@yahoo.com,,
TBC Custom Home Builder,,tbccustomhomebuilder@gmail.com,,
Houston Perfect Remodeling,,Veroplas21@gmail.com,,
Stonewall Remodeling,,geg.remodeling@gmail.com,,
Phoenix Construction and Remodeling,,Phoenixconstructionandd@gmail.com,(832) 371-5857,
Carrillo's Remodeling LLC,,maria.carrillo20@gmail.com,,
All Texas Home Services & Remodeling,,,,
Instant Remodeling,,zukazote@gmail.com,18322453858,
H.Q. Remodeling /Handyman,,hou44txns@gmail.com,,
H&M Remodeling and More,,hugo.merida@yahoo.com,,
Texas Home Services & Remodeling,,csv1103@gmail.com,,
JVs Remodeling,,starboyrecords8903@gmail.com,,
Javy's Remodeling,,saucedoinstalls@yahoo.com,,
,,Bullgjkb20@gmail.com,8328463183,
Remodeling Unlimited,,remodelingunlimitedjames@gmail.com,,
JCS Remodeling & Construction,https://www.instagram.com/jcsremodeling_,,,
Torres Remodeling,,daniella201917@gmail.com,,
Prestige Remodeling/Handyman Services,,marcusd.prs@gmail.com,,
JF Remodeling & Construction Inc,,,,
,,Dcconcretedfw@gmail.com,,
BPC Construction & Renovation LLC,,bpcconstructionrenovation@gmail.com,832-939-6737,
Flores Drywall Painting,,cbfloresdrywallpainting@gmail.com,,
,,qbbconstructioninc@gmail.com,,
CRP Construction Remodeling & Plumbing,,LikeNewRemodeling01@gmail.com,346-946-0628,
Best Investments Remodeling,,,,
Houston Custom Carpets,,,,
Isaula's Express Inc,,,,
Fabio's High Quality Painting & Remodeling,,,,
BGM Home Remodeling,,,,
Space City Remodeling,,josue.vasquez.8790@gmail.com,,
"Gael, Inc",,bidgael@gmail.com,281 734 2030,John Roughneen
Esteban Remodeling,,e.remodeling@yahoo.com,,
,,robledoconst@gmail.com,281-642-9005,Darrell Robledo
,,,,
Painting & Home Remodeling,,paintingandhomeremodeling@gmail.com,,
HTX Roofing & Remodeling,,,,
"Tatco Construction & Remodeling, Inc.",,rickydtatum@aol.com,713-304-4179,
"Tatco Construction & Remodeling, Inc.",,tatcobcs@gmail.com,,
,,Dreyesconstruction2706@gmail.com,8329232695,
Xtreme Innovations Roofing & Kitchen Remodeling,,Xtremeinnovationshtx@gmail.com,,
,,murray.aceestimating@gmail.com,,
Florianâ€™s Painting & Remodeling,,,,
,,usman.realtor@gmail.com,(713)628-2970,
CAVV Remodeling,https://www.instagram.com/cavvremodeling,,,
Jose's Remodeling,,Jose.remodeling78@gmail.com,,
Painting and Remodeling by Martinez,,mmartinezpainting@yahoo.com,,
Estrada Elite Enterprises LLC,,eliteflooringprojects@gmail.com,,
Kings Flooring and Home Remodeling,,ortegalazaro10@gmail.com,,
ABF Remodeling,,dphelps97@gmail.com,,
HLC Quality Painting & Remodeling,,lopezharrison85@gmail.com,,
Remodeling Homes,,ganzalesj96@gmail.com,,Elio
H M Remodeling Pros,,hmremodelingpros@gmail.com,,
Prohomes General Maintenance & Remodeling,,prohomes.biz@gmail.com,,
Millennium Homes Remodeling Contractors,,promastershome87@gmail.com,,
,,gilsflooring@yahoo.com,,
Ty Mitchell's Remodeling,,tywmitchell@icloud.com,,Ty Mitchell
Remodeling Alvarez,,moisesduarte2009@gmail.com,,
Vcs Construction & Remodeling,,treyseiter@gmail.com,,
Best Sink Vietnam,,Jasonbestsupply@gmail.com,,Jason
Father And Son Remodeling,,godloves98@yahoo.com,,
JFG Remodeling LLC,https://www.instagram.com/jfgremodelingllc,,,
RC Construction,,robertochevere80@gmail.com,,
All Seasons Floors and Remodeling,,improveurhome@yahoo.com,,
Paul's General Contractor - Loyalty Construction,,loyaltyconstruction@yahoo.com,,
"Houston Oasis General Contractor, LLC",,houstonoasisflooring@gmail.com,832-531-1037,
"JCS Remodeling & Construction, LLC",,,,
YOA Remodeling,,yoaremodeling@gmail.com,832-614-1672,
Campos Construction And Remodeling,,joeljfcampos007@gmail.com,,
Barajas Remodeling,,barajasremodeling.cb@gmail.com,,
Texas Remodeling And Painting Co,,,,
Done Right! Remodeling,,creiner255@aol.com,,
Larraga's Remodeling,,larragaalberto@yahoo.com,,
Recinos Remodeling & Construction,,,,
CAVV Remodeling,https://www.instagram.com/cavvremodeling,,,
The Angels Remodeling,https://www.instagram.com/theangelsremodeling,Theangelsremodeling@gmail.com,713-385-2732,
Unlimited Home Remodeling,,,,
Kitchen Remodeling Houston Pro,,,,
Duenez Design & Build,,,,
AT Contractor Services,,atcontractorservices@gmail.com,832-523-8450,
Cardona Remodeling & Seamless Gutters,,jose.kardona1016@gmail.com,,
IAS Boutique Remodeling,,,,
Atlin Creative/Harper Remodeling,,ssgtsubaru@yahoo.com,,
Redwood Construction,,builders.redwood@gmail.com,,
A&R Remodeling,,elrp82@gmail.com,,
Granite Kings Houston,https://twitter.com/granitekin96139/status,granitekingshouston@gmail.com,,
In A Realway Inc.,,browninarealway@gmail.com,3467440020,Matthew Brown
Houston Roofing Construction & Remodeling,,houstonroofingconstruction@yahoo.com,18284612056,
"Zemo Remodeling And General Contracting, LLC",,zemo.gc1@gmail.com,,
Olivo Remodeling LLC,,olivoremodeling@gmail.com,,
Jeremiah's Remodeling and Paint,,miguelcisneros24@icloud.com,,
M.L Remodeling and Waterproofing,,spa.construction1314@gmail.com,,
Reyes Construction and Remodel,,,,
Studs Remodeling,,ajaw88@gmail.com,,
FlintShire Builders,,FlintShireBuilders@gmail.com,832-787-2068,
JC Remodeling,,josuecanalesbetancourt@gmail.com,,
Jose Garcia Remodeling,,handyman72@gmail.com,,Jose Garcia
J Luis Construction Inc,,j.luisconstruction.inc@outlook.com,713-201-9780,
Houston Kitchen And Bath,,,832-800-6076,
Houston Builders (remodeling),,tataflooringllc@gmail.com,832-891-6666,
Esteban Remodeling,,figueroa.roofing@gmail.com,,
Esteban Remodeling,,e.remodeling@yahoo.com,,
Nelson Quality Remodeling,,,,
Construction Servant,,jameshmodisette@gmail.com,,
Contreras Remodeling,,compaia.welding@yahoo.com,,
Mauricio Remodeling Service,,mauriciohernandez0909@gmail.com,,
JEJ Remodeling Contractors,,jejconccontractors@outlook.com,,
NEFF Remodeling Contractor Professional,,ns172444@gmail.com,,
Coastal Remodeling Houston,,Talyremodelinghouston@gmail.com,281-642-6759,
Impact Remodeling and Construction,,ashsoodxyz@yahoo.com,,
Best Great Deal LLC,,bestgreatdeal1@gmail.com,,
Rhodes Remodeling,,ccdigg22@gmail.com,,
VCS Construction,,vcshouston@gmail.com,7138283097,
MC Remodeling,,mariocasique7@gmail.com,,
"Pierre's Construction & Remodeling, LLC",,pierresconstruction@gmail.com,,
GNA Remodeling and Construction,,ruth.lampkin@gmail.com,,
Royal Roofing and Remodeling,,danieltorres.gf300@gmail.com,,
CAVV Remodeling,,cavvremodeling@yahoo.com,8324770380,
AAA Roofing & Remodeling,,aaaroofing201@gmail.com,,
Homeland Builders LLC,,homelandbuildersllc@gmail.com,281-653-9646,
Cortez General Remodeling LLC,,josecortez1986h@gmail.com,,
Saul's Remodeling,,,832-347-7445,Saul
New Beginnings Construction & Remodeling,,nancygon86@gmail.com,,
Esteban Remodeling,,e.remodeling@yahoo.com,713-515-2903,
Big City Construction Co,,bigcityconcoinfo@gmail.com,,
,,daniellekim.htx@gmail.com,702-406-8120,Danielle Kim
,,robledoconst@gmail.com,281-642-9005,Darrell Robledo
PH Construction,,PH.Construction@yahoo.com,,
"All Under One Roof, LLC",,auor.remodeling@gmail.com,,
Diaz Enterprises Inc,,,,
NXT LVL Remodeling,,,,
Reyes Perfect Remodeling,,,8328330158,
Gr Remodeling,,lilidimples26@gmail.com,,
,,jt3ti@aol.com,2108453083,
,,carringtonrealestate2024@gmail.com,346352XXXX,
Reborn Remodeling,,reborn.remodeling@gmail.com,7139247389,
Urban Remodeling Services Inc,,morrisarrevalo@yahoo.com,2817488610,
Garcia Construction and Remodeling,,sagarcia2021me@gmail.com,,
Advanced Solutions Home Improvement & Remodeling,,ashir.llc@icloud.com,3463149278,
HG Luxury Homes,,hgluxuryhomes@gmail.com,,
Handyman Houston Remodeling,,handymanhoustonremodeling@gmail.com,,
True Remodeling & Renovations,,jackieventers.realtor@gmail.com,8322356240,Jackie Venters
Houston1 Remodeling LLC,,nevresudinhaskic@yahoo.com,,
,,jasonbpenberthy@gmail.com,,
David's Construction & Homes Remodeling LLC,,,,
HR Remodeling,,hector.s.rodriguez1@gmail.com,,Hector Rodriguez
TH Construction & Remodeling,,thremodelinghouston@gmail.com,,
David Remodeling,,dconstructionandremodeling@gmail.com,8408412569,
Apka Ghar,,apka-ghar@outlook.com,,
Adolfo & Son's Remodeling,,,2817162907,
Lake Point Remodeling,,,,Jeremy Howard
McCarson Homes LLC,,mccarsonhomes281@gmail.com,,
Torres Remodeling & Painting,,,,
Flores Drywall & Painting,,floresdrywallpainting@gmail.com,,
YOA Remodeling,,yoaremodeling@gmail.com,8326141672,
J. Guzman General Remodeling Services,,jacoboguzman49@gmail.com,2819030420,Jacob Guzman
,,guerrero.saint@yahoo.com,8322350283,Carlos Guerrero
Global Deco USA Corp.,,globaldecousa@yahoo.com,8326777828,
